{
  "best_global_step": null,
  "best_metric": null,
  "best_model_checkpoint": null,
  "epoch": 1.0,
  "eval_steps": 500,
  "global_step": 22,
  "is_hyper_param_search": false,
  "is_local_process_zero": true,
  "is_world_process_zero": true,
  "log_history": [
    {
      "epoch": 0.46511627906976744,
      "grad_norm": 32.62058639526367,
      "learning_rate": 4.318181818181819e-05,
      "logits/chosen": -6.658275604248047,
      "logits/rejected": -7.146829128265381,
      "logps/chosen": -185.98007202148438,
      "logps/rejected": -107.30379486083984,
      "loss": 0.5968,
      "rewards/accuracies": 0.7875000238418579,
      "rewards/chosen": 0.5724126100540161,
      "rewards/margins": 0.43924903869628906,
      "rewards/rejected": 0.13316358625888824,
      "step": 10
    },
    {
      "epoch": 0.9302325581395349,
      "grad_norm": 17.104251861572266,
      "learning_rate": 3.560606060606061e-05,
      "logits/chosen": -6.432569980621338,
      "logits/rejected": -6.717350959777832,
      "logps/chosen": -178.55258178710938,
      "logps/rejected": -102.6181411743164,
      "loss": 0.4914,
      "rewards/accuracies": 0.890625,
      "rewards/chosen": 1.5765010118484497,
      "rewards/margins": 1.3884727954864502,
      "rewards/rejected": 0.18802818655967712,
      "step": 20
    }
  ],
  "logging_steps": 10,
  "max_steps": 66,
  "num_input_tokens_seen": 0,
  "num_train_epochs": 3,
  "save_steps": 500,
  "stateful_callbacks": {
    "TrainerControl": {
      "args": {
        "should_epoch_stop": false,
        "should_evaluate": false,
        "should_log": false,
        "should_save": true,
        "should_training_stop": false
      },
      "attributes": {}
    }
  },
  "total_flos": 0.0,
  "train_batch_size": 16,
  "trial_name": null,
  "trial_params": null
}
