{
  "best_global_step": null,
  "best_metric": null,
  "best_model_checkpoint": null,
  "epoch": 2.0,
  "eval_steps": 500,
  "global_step": 44,
  "is_hyper_param_search": false,
  "is_local_process_zero": true,
  "is_world_process_zero": true,
  "log_history": [
    {
      "epoch": 0.46511627906976744,
      "grad_norm": 3.5044491291046143,
      "learning_rate": 4.318181818181819e-05,
      "logits/chosen": -0.9679094552993774,
      "logits/rejected": -1.1111618280410767,
      "logps/chosen": -116.32611083984375,
      "logps/rejected": -59.73984909057617,
      "loss": 0.5295,
      "rewards/accuracies": 0.878125011920929,
      "rewards/chosen": 0.35185521841049194,
      "rewards/margins": 0.40960973501205444,
      "rewards/rejected": -0.0577545166015625,
      "step": 10
    },
    {
      "epoch": 0.9302325581395349,
      "grad_norm": 1.3538782596588135,
      "learning_rate": 3.560606060606061e-05,
      "logits/chosen": -0.8754788637161255,
      "logits/rejected": -1.0137345790863037,
      "logps/chosen": -107.26506042480469,
      "logps/rejected": -61.10540008544922,
      "loss": 0.1773,
      "rewards/accuracies": 0.971875011920929,
      "rewards/chosen": 1.5076892375946045,
      "rewards/margins": 2.0731122493743896,
      "rewards/rejected": -0.5654231309890747,
      "step": 20
    },
    {
      "epoch": 1.372093023255814,
      "grad_norm": 0.524895429611206,
      "learning_rate": 2.803030303030303e-05,
      "logits/chosen": -0.8260019421577454,
      "logits/rejected": -0.9021039009094238,
      "logps/chosen": -104.13212585449219,
      "logps/rejected": -86.71638488769531,
      "loss": 0.0485,
      "rewards/accuracies": 0.9967105388641357,
      "rewards/chosen": 1.4403443336486816,
      "rewards/margins": 3.8487377166748047,
      "rewards/rejected": -2.408393144607544,
      "step": 30
    },
    {
      "epoch": 1.8372093023255816,
      "grad_norm": 0.9258486032485962,
      "learning_rate": 2.0454545454545457e-05,
      "logits/chosen": -0.7510329484939575,
      "logits/rejected": -0.8017293810844421,
      "logps/chosen": -108.70442962646484,
      "logps/rejected": -110.6623764038086,
      "loss": 0.0107,
      "rewards/accuracies": 1.0,
      "rewards/chosen": 1.0604937076568604,
      "rewards/margins": 6.138171195983887,
      "rewards/rejected": -5.077677249908447,
      "step": 40
    }
  ],
  "logging_steps": 10,
  "max_steps": 66,
  "num_input_tokens_seen": 0,
  "num_train_epochs": 3,
  "save_steps": 500,
  "stateful_callbacks": {
    "TrainerControl": {
      "args": {
        "should_epoch_stop": false,
        "should_evaluate": false,
        "should_log": false,
        "should_save": true,
        "should_training_stop": false
      },
      "attributes": {}
    }
  },
  "total_flos": 0.0,
  "train_batch_size": 16,
  "trial_name": null,
  "trial_params": null
}
