{
  "best_global_step": null,
  "best_metric": null,
  "best_model_checkpoint": null,
  "epoch": 1.0,
  "eval_steps": 500,
  "global_step": 48,
  "is_hyper_param_search": false,
  "is_local_process_zero": true,
  "is_world_process_zero": true,
  "log_history": [
    {
      "epoch": 0.20833333333333334,
      "grad_norm": 2.7956361770629883,
      "learning_rate": 4.6875e-05,
      "logits/chosen": -0.750534176826477,
      "logits/rejected": -0.8830193281173706,
      "logps/chosen": -103.62910461425781,
      "logps/rejected": -60.31614303588867,
      "loss": 0.5769,
      "rewards/accuracies": 0.8374999761581421,
      "rewards/chosen": 0.2160307615995407,
      "rewards/margins": 0.2777608633041382,
      "rewards/rejected": -0.061730124056339264,
      "step": 10
    },
    {
      "epoch": 0.4166666666666667,
      "grad_norm": 2.2537739276885986,
      "learning_rate": 4.340277777777778e-05,
      "logits/chosen": -0.7233781218528748,
      "logits/rejected": -0.7962106466293335,
      "logps/chosen": -96.0665054321289,
      "logps/rejected": -61.98014450073242,
      "loss": 0.2659,
      "rewards/accuracies": 0.9312499761581421,
      "rewards/chosen": 0.9741455316543579,
      "rewards/margins": 1.4686849117279053,
      "rewards/rejected": -0.4945394992828369,
      "step": 20
    },
    {
      "epoch": 0.625,
      "grad_norm": 0.7469584345817566,
      "learning_rate": 3.993055555555556e-05,
      "logits/chosen": -0.7050882577896118,
      "logits/rejected": -0.7447522878646851,
      "logps/chosen": -90.97093200683594,
      "logps/rejected": -87.84144592285156,
      "loss": 0.0833,
      "rewards/accuracies": 0.996874988079071,
      "rewards/chosen": 1.2134463787078857,
      "rewards/margins": 3.1524460315704346,
      "rewards/rejected": -1.938999891281128,
      "step": 30
    },
    {
      "epoch": 0.8333333333333334,
      "grad_norm": 0.28413623571395874,
      "learning_rate": 3.6458333333333336e-05,
      "logits/chosen": -0.6884424090385437,
      "logits/rejected": -0.6849702000617981,
      "logps/chosen": -97.9294204711914,
      "logps/rejected": -93.67826080322266,
      "loss": 0.0179,
      "rewards/accuracies": 1.0,
      "rewards/chosen": 1.1502054929733276,
      "rewards/margins": 5.274982929229736,
      "rewards/rejected": -4.124776840209961,
      "step": 40
    }
  ],
  "logging_steps": 10,
  "max_steps": 144,
  "num_input_tokens_seen": 0,
  "num_train_epochs": 3,
  "save_steps": 500,
  "stateful_callbacks": {
    "TrainerControl": {
      "args": {
        "should_epoch_stop": false,
        "should_evaluate": false,
        "should_log": false,
        "should_save": true,
        "should_training_stop": false
      },
      "attributes": {}
    }
  },
  "total_flos": 0.0,
  "train_batch_size": 16,
  "trial_name": null,
  "trial_params": null
}
