{
  "best_global_step": null,
  "best_metric": null,
  "best_model_checkpoint": null,
  "epoch": 1.0,
  "eval_steps": 500,
  "global_step": 48,
  "is_hyper_param_search": false,
  "is_local_process_zero": true,
  "is_world_process_zero": true,
  "log_history": [
    {
      "epoch": 0.20833333333333334,
      "grad_norm": 2.100766181945801,
      "learning_rate": 4.6875e-05,
      "logits/chosen": -0.7486259341239929,
      "logits/rejected": -0.8611263036727905,
      "logps/chosen": -109.75648498535156,
      "logps/rejected": -59.144287109375,
      "loss": 0.5923,
      "rewards/accuracies": 0.8031250238418579,
      "rewards/chosen": 0.17940251529216766,
      "rewards/margins": 0.24818098545074463,
      "rewards/rejected": -0.06877847015857697,
      "step": 10
    },
    {
      "epoch": 0.4166666666666667,
      "grad_norm": 2.7232437133789062,
      "learning_rate": 4.340277777777778e-05,
      "logits/chosen": -0.7784267067909241,
      "logits/rejected": -0.8388663530349731,
      "logps/chosen": -106.0539321899414,
      "logps/rejected": -60.7716178894043,
      "loss": 0.3258,
      "rewards/accuracies": 0.9375,
      "rewards/chosen": 0.6148701310157776,
      "rewards/margins": 1.1596722602844238,
      "rewards/rejected": -0.544802188873291,
      "step": 20
    },
    {
      "epoch": 0.625,
      "grad_norm": 0.9027875065803528,
      "learning_rate": 3.993055555555556e-05,
      "logits/chosen": -0.7597422003746033,
      "logits/rejected": -0.8062642216682434,
      "logps/chosen": -98.84934997558594,
      "logps/rejected": -87.50273132324219,
      "loss": 0.1153,
      "rewards/accuracies": 0.9906250238418579,
      "rewards/chosen": 0.871037483215332,
      "rewards/margins": 2.777770519256592,
      "rewards/rejected": -1.9067331552505493,
      "step": 30
    },
    {
      "epoch": 0.8333333333333334,
      "grad_norm": 0.5282462239265442,
      "learning_rate": 3.6458333333333336e-05,
      "logits/chosen": -0.7125881910324097,
      "logits/rejected": -0.738067626953125,
      "logps/chosen": -106.2432861328125,
      "logps/rejected": -85.95545196533203,
      "loss": 0.0296,
      "rewards/accuracies": 1.0,
      "rewards/chosen": 0.9356907606124878,
      "rewards/margins": 4.563064098358154,
      "rewards/rejected": -3.627373218536377,
      "step": 40
    }
  ],
  "logging_steps": 10,
  "max_steps": 144,
  "num_input_tokens_seen": 0,
  "num_train_epochs": 3,
  "save_steps": 500,
  "stateful_callbacks": {
    "TrainerControl": {
      "args": {
        "should_epoch_stop": false,
        "should_evaluate": false,
        "should_log": false,
        "should_save": true,
        "should_training_stop": false
      },
      "attributes": {}
    }
  },
  "total_flos": 0.0,
  "train_batch_size": 16,
  "trial_name": null,
  "trial_params": null
}
