{
  "best_global_step": null,
  "best_metric": null,
  "best_model_checkpoint": null,
  "epoch": 2.0,
  "eval_steps": 500,
  "global_step": 40,
  "is_hyper_param_search": false,
  "is_local_process_zero": true,
  "is_world_process_zero": true,
  "log_history": [
    {
      "epoch": 0.5,
      "grad_norm": 2.1867291927337646,
      "learning_rate": 4.25e-05,
      "logits/chosen": -0.6422244310379028,
      "logits/rejected": -0.5888341665267944,
      "logps/chosen": -97.1884994506836,
      "logps/rejected": -56.47101974487305,
      "loss": 0.5894,
      "rewards/accuracies": 0.862500011920929,
      "rewards/chosen": 0.20321449637413025,
      "rewards/margins": 0.24072639644145966,
      "rewards/rejected": -0.037511903792619705,
      "step": 10
    },
    {
      "epoch": 1.0,
      "grad_norm": 1.2618578672409058,
      "learning_rate": 3.4166666666666666e-05,
      "logits/chosen": -0.6065086722373962,
      "logits/rejected": -0.4766167998313904,
      "logps/chosen": -89.58446502685547,
      "logps/rejected": -61.76274490356445,
      "loss": 0.3107,
      "rewards/accuracies": 0.9779167175292969,
      "rewards/chosen": 0.8983991742134094,
      "rewards/margins": 1.1566158533096313,
      "rewards/rejected": -0.25821661949157715,
      "step": 20
    },
    {
      "epoch": 1.5,
      "grad_norm": 0.8579556345939636,
      "learning_rate": 2.5833333333333336e-05,
      "logits/chosen": -0.6148914098739624,
      "logits/rejected": -0.46494045853614807,
      "logps/chosen": -84.41963195800781,
      "logps/rejected": -64.51995849609375,
      "loss": 0.1288,
      "rewards/accuracies": 0.9937499761581421,
      "rewards/chosen": 1.550398588180542,
      "rewards/margins": 2.3743162155151367,
      "rewards/rejected": -0.8239175081253052,
      "step": 30
    },
    {
      "epoch": 2.0,
      "grad_norm": 0.4696410894393921,
      "learning_rate": 1.75e-05,
      "logits/chosen": -0.7227824926376343,
      "logits/rejected": -0.5246726274490356,
      "logps/chosen": -80.94731903076172,
      "logps/rejected": -77.45915222167969,
      "loss": 0.0532,
      "rewards/accuracies": 1.0,
      "rewards/chosen": 1.6882362365722656,
      "rewards/margins": 3.5353455543518066,
      "rewards/rejected": -1.847109079360962,
      "step": 40
    }
  ],
  "logging_steps": 10,
  "max_steps": 60,
  "num_input_tokens_seen": 0,
  "num_train_epochs": 3,
  "save_steps": 500,
  "stateful_callbacks": {
    "TrainerControl": {
      "args": {
        "should_epoch_stop": false,
        "should_evaluate": false,
        "should_log": false,
        "should_save": true,
        "should_training_stop": false
      },
      "attributes": {}
    }
  },
  "total_flos": 0.0,
  "train_batch_size": 16,
  "trial_name": null,
  "trial_params": null
}
