{
  "best_global_step": null,
  "best_metric": null,
  "best_model_checkpoint": null,
  "epoch": 2.0,
  "eval_steps": 500,
  "global_step": 40,
  "is_hyper_param_search": false,
  "is_local_process_zero": true,
  "is_world_process_zero": true,
  "log_history": [
    {
      "epoch": 0.5,
      "grad_norm": 7.209856986999512,
      "learning_rate": 4.25e-05,
      "logits/chosen": -4.126147270202637,
      "logits/rejected": -4.4134721755981445,
      "logps/chosen": -141.67489624023438,
      "logps/rejected": -102.53690338134766,
      "loss": 0.6688,
      "rewards/accuracies": 0.7250000238418579,
      "rewards/chosen": 0.2844587564468384,
      "rewards/margins": 0.1807790994644165,
      "rewards/rejected": 0.10367963463068008,
      "step": 10
    },
    {
      "epoch": 1.0,
      "grad_norm": 113.81166076660156,
      "learning_rate": 3.4166666666666666e-05,
      "logits/chosen": -3.9596214294433594,
      "logits/rejected": -4.195869445800781,
      "logps/chosen": -134.4324493408203,
      "logps/rejected": -107.6873779296875,
      "loss": 0.47,
      "rewards/accuracies": 0.8618749380111694,
      "rewards/chosen": 1.0461652278900146,
      "rewards/margins": 0.9412683248519897,
      "rewards/rejected": 0.10489682853221893,
      "step": 20
    },
    {
      "epoch": 1.5,
      "grad_norm": 6.541469573974609,
      "learning_rate": 2.5833333333333336e-05,
      "logits/chosen": -4.082249641418457,
      "logits/rejected": -4.296069145202637,
      "logps/chosen": -136.6837921142578,
      "logps/rejected": -113.29251861572266,
      "loss": 0.2546,
      "rewards/accuracies": 0.984375,
      "rewards/chosen": 0.8922610282897949,
      "rewards/margins": 1.5735173225402832,
      "rewards/rejected": -0.6812562346458435,
      "step": 30
    },
    {
      "epoch": 2.0,
      "grad_norm": 2.676712989807129,
      "learning_rate": 1.75e-05,
      "logits/chosen": -4.0616350173950195,
      "logits/rejected": -4.215641975402832,
      "logps/chosen": -132.99392700195312,
      "logps/rejected": -116.1576919555664,
      "loss": 0.1931,
      "rewards/accuracies": 0.981249988079071,
      "rewards/chosen": 1.0809866189956665,
      "rewards/margins": 2.109710693359375,
      "rewards/rejected": -1.0287240743637085,
      "step": 40
    }
  ],
  "logging_steps": 10,
  "max_steps": 60,
  "num_input_tokens_seen": 0,
  "num_train_epochs": 3,
  "save_steps": 500,
  "stateful_callbacks": {
    "TrainerControl": {
      "args": {
        "should_epoch_stop": false,
        "should_evaluate": false,
        "should_log": false,
        "should_save": true,
        "should_training_stop": false
      },
      "attributes": {}
    }
  },
  "total_flos": 0.0,
  "train_batch_size": 16,
  "trial_name": null,
  "trial_params": null
}
