{
  "best_global_step": null,
  "best_metric": null,
  "best_model_checkpoint": null,
  "epoch": 1.0,
  "eval_steps": 500,
  "global_step": 22,
  "is_hyper_param_search": false,
  "is_local_process_zero": true,
  "is_world_process_zero": true,
  "log_history": [
    {
      "epoch": 0.46511627906976744,
      "grad_norm": 3.5044491291046143,
      "learning_rate": 4.318181818181819e-05,
      "logits/chosen": -0.9679094552993774,
      "logits/rejected": -1.1111618280410767,
      "logps/chosen": -116.32611083984375,
      "logps/rejected": -59.73984909057617,
      "loss": 0.5295,
      "rewards/accuracies": 0.878125011920929,
      "rewards/chosen": 0.35185521841049194,
      "rewards/margins": 0.40960973501205444,
      "rewards/rejected": -0.0577545166015625,
      "step": 10
    },
    {
      "epoch": 0.9302325581395349,
      "grad_norm": 1.3538782596588135,
      "learning_rate": 3.560606060606061e-05,
      "logits/chosen": -0.8754788637161255,
      "logits/rejected": -1.0137345790863037,
      "logps/chosen": -107.26506042480469,
      "logps/rejected": -61.10540008544922,
      "loss": 0.1773,
      "rewards/accuracies": 0.971875011920929,
      "rewards/chosen": 1.5076892375946045,
      "rewards/margins": 2.0731122493743896,
      "rewards/rejected": -0.5654231309890747,
      "step": 20
    }
  ],
  "logging_steps": 10,
  "max_steps": 66,
  "num_input_tokens_seen": 0,
  "num_train_epochs": 3,
  "save_steps": 500,
  "stateful_callbacks": {
    "TrainerControl": {
      "args": {
        "should_epoch_stop": false,
        "should_evaluate": false,
        "should_log": false,
        "should_save": true,
        "should_training_stop": false
      },
      "attributes": {}
    }
  },
  "total_flos": 0.0,
  "train_batch_size": 16,
  "trial_name": null,
  "trial_params": null
}
