{
  "best_global_step": null,
  "best_metric": null,
  "best_model_checkpoint": null,
  "epoch": 2.0,
  "eval_steps": 500,
  "global_step": 38,
  "is_hyper_param_search": false,
  "is_local_process_zero": true,
  "is_world_process_zero": true,
  "log_history": [
    {
      "epoch": 0.5405405405405406,
      "grad_norm": 23.29107093811035,
      "learning_rate": 4.210526315789474e-05,
      "logits/chosen": -7.653745174407959,
      "logits/rejected": -7.863180637359619,
      "logps/chosen": -149.79408264160156,
      "logps/rejected": -104.61380767822266,
      "loss": 0.6557,
      "rewards/accuracies": 0.690625011920929,
      "rewards/chosen": 0.40745967626571655,
      "rewards/margins": 0.2746029794216156,
      "rewards/rejected": 0.13285672664642334,
      "step": 10
    },
    {
      "epoch": 1.054054054054054,
      "grad_norm": 9.226114273071289,
      "learning_rate": 3.3333333333333335e-05,
      "logits/chosen": -7.54571533203125,
      "logits/rejected": -7.652739524841309,
      "logps/chosen": -141.8598175048828,
      "logps/rejected": -102.97062683105469,
      "loss": 0.51,
      "rewards/accuracies": 0.8519737124443054,
      "rewards/chosen": 0.8362362384796143,
      "rewards/margins": 0.8538728952407837,
      "rewards/rejected": -0.017636654898524284,
      "step": 20
    },
    {
      "epoch": 1.5945945945945947,
      "grad_norm": 3.4790592193603516,
      "learning_rate": 2.456140350877193e-05,
      "logits/chosen": -7.664795875549316,
      "logits/rejected": -7.72969913482666,
      "logps/chosen": -149.3327178955078,
      "logps/rejected": -104.3455810546875,
      "loss": 0.2533,
      "rewards/accuracies": 0.981249988079071,
      "rewards/chosen": 0.765666663646698,
      "rewards/margins": 1.5359721183776855,
      "rewards/rejected": -0.7703055143356323,
      "step": 30
    }
  ],
  "logging_steps": 10,
  "max_steps": 57,
  "num_input_tokens_seen": 0,
  "num_train_epochs": 3,
  "save_steps": 500,
  "stateful_callbacks": {
    "TrainerControl": {
      "args": {
        "should_epoch_stop": false,
        "should_evaluate": false,
        "should_log": false,
        "should_save": true,
        "should_training_stop": false
      },
      "attributes": {}
    }
  },
  "total_flos": 0.0,
  "train_batch_size": 16,
  "trial_name": null,
  "trial_params": null
}
